Date,Canada,Chile,Mexico,Taiwan China,Hong Kong China,Japan,South Korea,Macao China,Maldives,Cambodia,Indonesia,Singapore,New Zealand,USA,Thailand,Turkey,Australia,Hawaii,Austria,Czech
2023M08,27321.972536536214,1689.1065084558757,10738.409534127844,25803.968190267133,3602483.5947254747,313826.2344577646,214297.95754666443,1909463.9079383183,33607.5,41422.66160202432,89731.02839334153,266704.0746341315,17898.221003676346,167782.64008631426,450879.0425196076,17224.658780779348,64326.70232335219,1279.1643713276644,20054.104433083536,22364.675841670578
2023M09,25212.92624506326,1707.5454459762004,11545.20663843199,23794.901142920688,3171393.4593167193,262542.2705854408,208784.15313766457,1552149.9575159084,27605.5,39259.49915953498,82091.52157936581,178889.10445742318,19701.992692665302,129074.0359371195,363820.2516066431,23304.430633389144,56771.87053086383,1477.0180348553238,17634.375835961007,19713.087440756288
2023M10,17663.27030854538,2307.9836428163976,11476.566236580322,28604.41470115697,3998873.8316462724,286410.8848296739,239811.21856108427,1991449.1546564691,27246,46919.33586573685,79438.98407,199716.8585514345,21261.464020149975,99418.41677,396366.49637873314,22419.93866767186,61672.25371921837,1093.7499496996845,20444.832743537452,21918.93782444485
2023M11,9651.660571880291,3031.5398971738155,15359.651827046193,26849.180326286732,4033937.717036358,258346.4274478998,216147.85248295055,2022253.6996334333,19830,53749.538368128226,63183.123672227695,200850.68061277314,28397.062941751716,77317.42699122563,421645.32439409103,21130.00215,65530.28713186436,852.8602694623527,12053.724144411462,12373.187321230971
2023M12,13796.129339110856,3902.603151945224,24205.00265931252,29887.57197525826,4677019.5,265900.1181443806,241310.91723410413,2223525.2736620945,18329,57772.782266348426,52523.44005831308,216052.83650147633,28208.847399638096,98238.69050868925,500119.50766656874,18847.021923008615,76209.91095120217,1123.307525535885,10528.032741611969,10392.582966118081
2024M01,16109.279826823984,3383.0472723645757,13235.612725302866,29774.217951405106,4828068.5,331433.10359505523,235431.1164527507,2216068,25817,60909.74574606953,74369.91438473764,287159.53442277724,31038.764530342898,174531.88057630623,646518.8217262697,19990.77152712757,91664.57158188392,1261.450363220919,8326.916302642056,8638.887127698106
2024M02,17398.749874248173,3773.5,17595.367773071997,38926.118053853614,4480329.5,359187.2391934829,281437.7874999633,2423066.5,32395.5,75843.81768134261,114704.40963995553,346667.6769636056,47932.937109328086,126032.36312352977,750763.0406167005,24930.664006816278,158763.5555818502,1982.8548062522752,13184.558261139136,14280.613185734015
2024M03,11771.477609516796,3790,25014.52358908697,32682.203056657632,4073382,334262.90738820966,327366.31271306035,2100698,16341,89222.80106470511,100534.36504399555,287544,35300.83897,113436.60033068161,688936.6097899656,27253.690844677003,94093.69218186743,948.3765100951274,14574.412317809254,13350.915775545047
2024M04,14950.246411353663,3237.5,13298.260711119867,39370.44368032107,4164426,381024.5701640854,328841.0881739937,2200265,16898.5,70645.55851334432,106691.22565500457,296608,36166.13489065658,115056.0266538648,680749.6674501641,31749.70493033632,81429.00590292794,1109.8973153580553,19898.976073597314,18082.49521369109
2024M05,23004.889326922843,2696.5,13390.326012016152,38796.81631181667,4267445,400079.39581763593,346057.31813049584,2143323.5,18968.5,75992.13585,108047.34211489993,274123.5,26418.77740559466,160612.99884237113,625183.4847995997,34588.70218811743,75780.10745670008,1360.8795850866795,26289.65682647273,27134.881823302698
2024M06,29405.504540841903,2146.5,12430.994681374963,36040.581454391475,3817541.5,478041.1555340833,352658.7236460913,1926389.5,23418,73201.11194889512,114487.3936135274,254111.5,17533.71293018455,164174.35570116594,678212.2548,33697.33066119148,67391.46115686728,1464.1471918880206,29919.304115213883,32982.818031831746
2024M07,40796.45630399224,1921.5,11062,44947.73047772396,4281821.5,582028.0913474044,397398.3670853631,2369177,32898,84860.87495930525,140794.47345591473,375259,28095.213120744513,210096.78327866484,775089.5788516361,37116.48886853102,134169.3553,1189.326062607606,36108.96119098916,35598.75698325698
